<?xml version="1.0" encoding="utf-8"?>
<resources>
    <string-array name="currency_names">
        <item>South African Rand (ZAR)</item>
        <item>US Dollar (USD)</item>
        <item>Euro (EUR)</item>
    </string-array>
    <string-array name="currency_values">
        <item>ZAR</item>
        <item>USD</item>
        <item>EUR</item>
    </string-array>
    <color name="balance">#2196F3</color>
    <color name="black">#000000</color>
    <color name="blue">#2196F3</color>
    <color name="expenseRed">#F44336</color>
    <color name="gray">#808080</color>
    <color name="incomeGreen">#4CAF50</color>
    <color name="purple_500">#6200EE</color>
    <color name="teal_200">#03DAC5</color>
    <color name="text_primary">#000000</color>
    <color name="white">#FFFFFF</color>
    <string name="app_name">BudgetBuddy _Poe</string>
    <style name="Theme.BudgetBuddys" parent="Theme.MaterialComponents.DayNight.NoActionBar">
        <item name="colorPrimary">@color/purple_500</item>
        <item name="colorPrimaryVariant">@color/teal_200</item>
        <item name="colorOnPrimary">@color/white</item>
    </style>
    <style name="Theme.BudgetBuddys.NoActionBar" parent="Theme.MaterialComponents.DayNight.NoActionBar">
        <item name="android:windowFullscreen">true</item>
    </style>
</resources>