<?xml version="1.0" encoding="utf-8"?>
<merger version="3"><dataSet config="androidTest" ignore_pattern="!.svn:!.git:!.ds_store:!*.scc:.*:&lt;dir>_*:!CVS:!thumbs.db:!picasa.ini:!*~"><source path="C:\Users\RC_Student_Lab\AndroidStudioProjects\BudgetBuddy_Poe\app\src\androidTest\assets"/></dataSet><dataSet config="androidTestDebug" ignore_pattern="!.svn:!.git:!.ds_store:!*.scc:.*:&lt;dir>_*:!CVS:!thumbs.db:!picasa.ini:!*~"><source path="C:\Users\RC_Student_Lab\AndroidStudioProjects\BudgetBuddy_Poe\app\src\androidTestDebug\assets"/></dataSet><dataSet config="generated" ignore_pattern="!.svn:!.git:!.ds_store:!*.scc:.*:&lt;dir>_*:!CVS:!thumbs.db:!picasa.ini:!*~"><source path="C:\Users\RC_Student_Lab\AndroidStudioProjects\BudgetBuddy_Poe\app\build\intermediates\shader_assets\debugAndroidTest\compileDebugAndroidTestShaders\out"/></dataSet></merger>