<?xml version="1.0" encoding="utf-8"?>
<merger version="3"><dataSet aapt-namespace="http://schemas.android.com/apk/res-auto" config="main$Generated" generated="true" ignore_pattern="!.svn:!.git:!.ds_store:!*.scc:.*:&lt;dir>_*:!CVS:!thumbs.db:!picasa.ini:!*~"><source path="C:\Users\RC_Student_Lab\AndroidStudioProjects\BudgetBuddy_Poe\app\src\main\res"/></dataSet><dataSet aapt-namespace="http://schemas.android.com/apk/res-auto" config="main" generated-set="main$Generated" ignore_pattern="!.svn:!.git:!.ds_store:!*.scc:.*:&lt;dir>_*:!CVS:!thumbs.db:!picasa.ini:!*~"><source path="C:\Users\RC_Student_Lab\AndroidStudioProjects\BudgetBuddy_Poe\app\src\main\res"><file name="budgetbuddy_logo" path="C:\Users\RC_Student_Lab\AndroidStudioProjects\BudgetBuddy_Poe\app\src\main\res\drawable\budgetbuddy_logo.jpeg" qualifiers="" type="drawable"/><file name="ic_bank" path="C:\Users\RC_Student_Lab\AndroidStudioProjects\BudgetBuddy_Poe\app\src\main\res\drawable\ic_bank.xml" qualifiers="" type="drawable"/><file name="ic_budget" path="C:\Users\RC_Student_Lab\AndroidStudioProjects\BudgetBuddy_Poe\app\src\main\res\drawable\ic_budget.xml" qualifiers="" type="drawable"/><file name="ic_finances" path="C:\Users\RC_Student_Lab\AndroidStudioProjects\BudgetBuddy_Poe\app\src\main\res\drawable\ic_finances.xml" qualifiers="" type="drawable"/><file name="ic_goals" path="C:\Users\RC_Student_Lab\AndroidStudioProjects\BudgetBuddy_Poe\app\src\main\res\drawable\ic_goals.xml" qualifiers="" type="drawable"/><file name="ic_launcher_background" path="C:\Users\RC_Student_Lab\AndroidStudioProjects\BudgetBuddy_Poe\app\src\main\res\drawable\ic_launcher_background.xml" qualifiers="" type="drawable"/><file name="ic_launcher_foreground" path="C:\Users\RC_Student_Lab\AndroidStudioProjects\BudgetBuddy_Poe\app\src\main\res\drawable\ic_launcher_foreground.xml" qualifiers="" type="drawable"/><file name="ic_plan" path="C:\Users\RC_Student_Lab\AndroidStudioProjects\BudgetBuddy_Poe\app\src\main\res\drawable\ic_plan.xml" qualifiers="" type="drawable"/><file name="ic_spending" path="C:\Users\RC_Student_Lab\AndroidStudioProjects\BudgetBuddy_Poe\app\src\main\res\drawable\ic_spending.xml" qualifiers="" type="drawable"/><file name="splash_screen" path="C:\Users\RC_Student_Lab\AndroidStudioProjects\BudgetBuddy_Poe\app\src\main\res\drawable\splash_screen.xml" qualifiers="" type="drawable"/><file name="tab_dot_selector" path="C:\Users\RC_Student_Lab\AndroidStudioProjects\BudgetBuddy_Poe\app\src\main\res\drawable\tab_dot_selector.xml" qualifiers="" type="drawable"/><file name="activity_add_transaction" path="C:\Users\RC_Student_Lab\AndroidStudioProjects\BudgetBuddy_Poe\app\src\main\res\layout\activity_add_transaction.xml" qualifiers="" type="layout"/><file name="activity_login" path="C:\Users\RC_Student_Lab\AndroidStudioProjects\BudgetBuddy_Poe\app\src\main\res\layout\activity_login.xml" qualifiers="" type="layout"/><file name="activity_main" path="C:\Users\RC_Student_Lab\AndroidStudioProjects\BudgetBuddy_Poe\app\src\main\res\layout\activity_main.xml" qualifiers="" type="layout"/><file name="activity_onboarding" path="C:\Users\RC_Student_Lab\AndroidStudioProjects\BudgetBuddy_Poe\app\src\main\res\layout\activity_onboarding.xml" qualifiers="" type="layout"/><file name="activity_signup" path="C:\Users\RC_Student_Lab\AndroidStudioProjects\BudgetBuddy_Poe\app\src\main\res\layout\activity_signup.xml" qualifiers="" type="layout"/><file name="activity_splash" path="C:\Users\RC_Student_Lab\AndroidStudioProjects\BudgetBuddy_Poe\app\src\main\res\layout\activity_splash.xml" qualifiers="" type="layout"/><file name="item_onboarding" path="C:\Users\RC_Student_Lab\AndroidStudioProjects\BudgetBuddy_Poe\app\src\main\res\layout\item_onboarding.xml" qualifiers="" type="layout"/><file name="item_transaction" path="C:\Users\RC_Student_Lab\AndroidStudioProjects\BudgetBuddy_Poe\app\src\main\res\layout\item_transaction.xml" qualifiers="" type="layout"/><file name="ic_launcher" path="C:\Users\RC_Student_Lab\AndroidStudioProjects\BudgetBuddy_Poe\app\src\main\res\mipmap-anydpi-v26\ic_launcher.xml" qualifiers="anydpi-v26" type="mipmap"/><file name="ic_launcher_round" path="C:\Users\RC_Student_Lab\AndroidStudioProjects\BudgetBuddy_Poe\app\src\main\res\mipmap-anydpi-v26\ic_launcher_round.xml" qualifiers="anydpi-v26" type="mipmap"/><file name="ic_launcher" path="C:\Users\RC_Student_Lab\AndroidStudioProjects\BudgetBuddy_Poe\app\src\main\res\mipmap-hdpi\ic_launcher.webp" qualifiers="hdpi-v4" type="mipmap"/><file name="ic_launcher_round" path="C:\Users\RC_Student_Lab\AndroidStudioProjects\BudgetBuddy_Poe\app\src\main\res\mipmap-hdpi\ic_launcher_round.webp" qualifiers="hdpi-v4" type="mipmap"/><file name="ic_launcher" path="C:\Users\RC_Student_Lab\AndroidStudioProjects\BudgetBuddy_Poe\app\src\main\res\mipmap-mdpi\ic_launcher.webp" qualifiers="mdpi-v4" type="mipmap"/><file name="ic_launcher_round" path="C:\Users\RC_Student_Lab\AndroidStudioProjects\BudgetBuddy_Poe\app\src\main\res\mipmap-mdpi\ic_launcher_round.webp" qualifiers="mdpi-v4" type="mipmap"/><file name="ic_launcher" path="C:\Users\RC_Student_Lab\AndroidStudioProjects\BudgetBuddy_Poe\app\src\main\res\mipmap-xhdpi\ic_launcher.webp" qualifiers="xhdpi-v4" type="mipmap"/><file name="ic_launcher_round" path="C:\Users\RC_Student_Lab\AndroidStudioProjects\BudgetBuddy_Poe\app\src\main\res\mipmap-xhdpi\ic_launcher_round.webp" qualifiers="xhdpi-v4" type="mipmap"/><file name="ic_launcher" path="C:\Users\RC_Student_Lab\AndroidStudioProjects\BudgetBuddy_Poe\app\src\main\res\mipmap-xxhdpi\ic_launcher.webp" qualifiers="xxhdpi-v4" type="mipmap"/><file name="ic_launcher_round" path="C:\Users\RC_Student_Lab\AndroidStudioProjects\BudgetBuddy_Poe\app\src\main\res\mipmap-xxhdpi\ic_launcher_round.webp" qualifiers="xxhdpi-v4" type="mipmap"/><file name="ic_launcher" path="C:\Users\RC_Student_Lab\AndroidStudioProjects\BudgetBuddy_Poe\app\src\main\res\mipmap-xxxhdpi\ic_launcher.webp" qualifiers="xxxhdpi-v4" type="mipmap"/><file name="ic_launcher_round" path="C:\Users\RC_Student_Lab\AndroidStudioProjects\BudgetBuddy_Poe\app\src\main\res\mipmap-xxxhdpi\ic_launcher_round.webp" qualifiers="xxxhdpi-v4" type="mipmap"/><file path="C:\Users\RC_Student_Lab\AndroidStudioProjects\BudgetBuddy_Poe\app\src\main\res\values\colors.xml" qualifiers=""><color name="purple_500">#6200EE</color><color name="teal_200">#03DAC5</color><color name="text_primary">#000000</color><color name="balance">#2196F3</color><color name="incomeGreen">#4CAF50</color><color name="expenseRed">#F44336</color><color name="blue">#2196F3</color><color name="white">#FFFFFF</color><color name="black">#000000</color><color name="gray">#808080</color></file><file path="C:\Users\RC_Student_Lab\AndroidStudioProjects\BudgetBuddy_Poe\app\src\main\res\values\strings.xml" qualifiers=""><string name="app_name">BudgetBuddy _Poe</string></file><file path="C:\Users\RC_Student_Lab\AndroidStudioProjects\BudgetBuddy_Poe\app\src\main\res\values\themes.xml" qualifiers=""><style name="Theme.BudgetBuddys" parent="Theme.MaterialComponents.DayNight.NoActionBar">
        <item name="colorPrimary">@color/purple_500</item>
        <item name="colorPrimaryVariant">@color/teal_200</item>
        <item name="colorOnPrimary">@color/white</item>
    </style><style name="Theme.BudgetBuddys.NoActionBar" parent="Theme.MaterialComponents.DayNight.NoActionBar">
        <item name="android:windowFullscreen">true</item>
    </style></file><file path="C:\Users\RC_Student_Lab\AndroidStudioProjects\BudgetBuddy_Poe\app\src\main\res\values-night\themes.xml" qualifiers="night-v8"><style name="Base.Theme.BudgetBuddy_Poe" parent="Theme.Material3.DayNight.NoActionBar">
        
        
    </style></file><file name="backup_rules" path="C:\Users\RC_Student_Lab\AndroidStudioProjects\BudgetBuddy_Poe\app\src\main\res\xml\backup_rules.xml" qualifiers="" type="xml"/><file name="data_extraction_rules" path="C:\Users\RC_Student_Lab\AndroidStudioProjects\BudgetBuddy_Poe\app\src\main\res\xml\data_extraction_rules.xml" qualifiers="" type="xml"/><file name="activity_set_goals" path="C:\Users\RC_Student_Lab\AndroidStudioProjects\BudgetBuddy_Poe\app\src\main\res\layout\activity_set_goals.xml" qualifiers="" type="layout"/><file name="activity_settings" path="C:\Users\RC_Student_Lab\AndroidStudioProjects\BudgetBuddy_Poe\app\src\main\res\layout\activity_settings.xml" qualifiers="" type="layout"/><file path="C:\Users\RC_Student_Lab\AndroidStudioProjects\BudgetBuddy_Poe\app\src\main\res\values\arrays.xml" qualifiers=""><string-array name="currency_names">
        <item>South African Rand (ZAR)</item>
        <item>US Dollar (USD)</item>
        <item>Euro (EUR)</item>
    </string-array><string-array name="currency_values">
        <item>ZAR</item>
        <item>USD</item>
        <item>EUR</item>
    </string-array></file></source></dataSet><dataSet aapt-namespace="http://schemas.android.com/apk/res-auto" config="debug$Generated" generated="true" ignore_pattern="!.svn:!.git:!.ds_store:!*.scc:.*:&lt;dir>_*:!CVS:!thumbs.db:!picasa.ini:!*~"><source path="C:\Users\RC_Student_Lab\AndroidStudioProjects\BudgetBuddy_Poe\app\src\debug\res"/></dataSet><dataSet aapt-namespace="http://schemas.android.com/apk/res-auto" config="debug" generated-set="debug$Generated" ignore_pattern="!.svn:!.git:!.ds_store:!*.scc:.*:&lt;dir>_*:!CVS:!thumbs.db:!picasa.ini:!*~"><source path="C:\Users\RC_Student_Lab\AndroidStudioProjects\BudgetBuddy_Poe\app\src\debug\res"/></dataSet><dataSet aapt-namespace="http://schemas.android.com/apk/res-auto" config="generated$Generated" generated="true" ignore_pattern="!.svn:!.git:!.ds_store:!*.scc:.*:&lt;dir>_*:!CVS:!thumbs.db:!picasa.ini:!*~"><source path="C:\Users\RC_Student_Lab\AndroidStudioProjects\BudgetBuddy_Poe\app\build\generated\res\resValues\debug"/></dataSet><dataSet aapt-namespace="http://schemas.android.com/apk/res-auto" config="generated" generated-set="generated$Generated" ignore_pattern="!.svn:!.git:!.ds_store:!*.scc:.*:&lt;dir>_*:!CVS:!thumbs.db:!picasa.ini:!*~"><source path="C:\Users\RC_Student_Lab\AndroidStudioProjects\BudgetBuddy_Poe\app\build\generated\res\resValues\debug"/></dataSet><mergedItems/></merger>